idx,size,noise,stars,seed,images_seed,repeats,loops,time,time_0
1,256,100,300,42,671155,1,1,0.1679057110013673,0.1679057110013673
1,256,100,300,42,671155,1,1,0.16582433501025662,0.16582433501025662
